contributor_id,kind,skill,est_accuracy
0,honest,0.7447044405253823,0.7620462386857517
1,honest,0.7264469013004571,0.5353397509395077
2,honest,0.8985784587635346,0.7246886495079385
3,honest,0.7324370479091927,0.5515505542685337
4,honest,0.8804123998315929,0.8344412116210677
5,honest,0.7481653836064923,0.5633530399821047
6,honest,0.7319437481269401,0.7555326619373284
7,honest,0.7438831131263414,0.6771230559399118
8,honest,0.8372689332652654,0.9185611948011994
9,honest,0.874280277661594,0.676665366071564
10,honest,0.919219712215562,0.698523624989007
11,honest,0.7347117954754502,0.7037339634482793
12,honest,0.8663704217941741,0.7331361107702807
13,honest,0.9089366918410368,0.9030881338237071
14,honest,0.7843493963071287,0.7281622162922798
15,honest,0.7215232064292081,0.599239202028986
16,honest,0.7421054100279587,0.6631295527452263
17,honest,0.7247208348413233,0.6214404223430325
18,honest,0.939547221376123,0.9096666862126526
19,honest,0.8017094504572633,0.7366464560985586
20,honest,0.8413041233866622,0.6567731813452244
21,honest,0.9075458009871648,0.6716228380353904
22,honest,0.8003045739725954,0.582404937472583
23,honest,0.8752577167494554,0.6533058352062022
24,honest,0.7207035603689781,0.7222674909694806
25,honest,0.8298445248435221,0.6076865321068168
26,honest,0.726060120865983,0.7476875240665033
27,honest,0.7670367179836616,0.6909314275429359
28,honest,0.7792020234507765,0.8814338337729
29,honest,0.8937476270494755,0.7157689167075217
30,honest,0.8820081302980985,0.8969396260120273
31,honest,0.9017116240113876,0.7733931251019655
32,honest,0.7166738627540804,0.5687467598623868
33,honest,0.9683568372867226,0.9266767937507341
34,honest,0.7146934077516376,0.46837052106985655
35,honest,0.9229519036885716,0.879222132559722
36,honest,0.8998726120397446,0.7777383495710393
37,honest,0.8597756834327913,0.7477424550769876
38,honest,0.8184914345891465,0.7165367132252495
39,honest,0.9044257353829492,0.9987683459421214
40,honest,0.8997616068825884,0.9612024737624839
41,honest,0.7370381505822472,0.8586837992374207
42,honest,0.9140107676994348,0.8774689797705417
43,honest,0.7212103893074405,0.6649168038342691
44,honest,0.8351474583747044,0.789941922421505
45,honest,0.8741720931731424,0.815139751175838
46,honest,0.9218559914913116,0.8760045241986427
47,honest,0.8250397588851245,0.8688241054924328
48,honest,0.7639516809425891,0.7610257348851667
49,honest,0.8324780961732837,0.8467738717626583
50,honest,0.7675561898180224,0.7863028293362316
51,honest,0.84275585299316,0.7128823329892282
52,honest,0.8248772094387598,0.6266737310792128
53,honest,0.9107362106126063,0.9677320988490066
54,honest,0.7648243306294827,0.869367543171561
55,honest,0.7539959997313916,0.48350510574632466
56,honest,0.8280300416830791,0.7875888636038852
57,honest,0.7136361786015296,0.8015518068541412
58,honest,0.7619219696775865,0.5117503569926625
59,honest,0.7955003268306767,0.5043470663307648
60,honest,0.8316600223914458,0.8260699180175639
61,honest,0.7727479120308482,0.7367187769248307
62,honest,0.8513718535712697,0.746817979885295
63,honest,0.9371719599401964,0.9738383460198272
64,honest,0.8468064145665525,0.7290101999120351
65,honest,0.7774466708688366,0.7546741207939113
66,honest,0.716734862440625,0.7318911758391368
67,honest,0.7368999022820474,0.6290195623333763
68,honest,0.8515286895077414,0.695154901557141
69,honest,0.8846013862881825,0.7115439615806095
70,honest,0.713410344759599,0.5824987132490975
71,honest,0.75009845402264,0.7718549227271989
72,honest,0.786151943082674,0.8311942344148722
73,honest,0.7863387393977356,0.8262802895650749
74,honest,0.9587698938280494,0.7451507446316887
75,honest,0.755018061444454,0.8286214665521848
76,honest,0.7168804943593594,0.715130764389607
77,honest,0.7953140039143262,0.823122450039132
78,honest,0.7362993321780135,0.5835021774355962
79,honest,0.734177130586663,0.5748824567927815
80,honest,0.8100116785016246,0.726097666552739
81,honest,0.7827256075974861,0.6677768631360643
82,honest,0.724766229561947,0.5293493788557351
83,honest,0.8631619259454113,0.8563955786254176
84,honest,0.8354589368254944,0.6499441819338682
85,honest,0.7208169106168524,0.6109291308214935
86,honest,0.932941007983819,0.9199301202311274
87,honest,0.7768725257173298,0.5990659356970582
88,honest,0.9595728119357384,0.9549004209441637
89,honest,0.9515154307902078,0.9194470106321393
90,honest,0.8172060890790632,0.732588815183032
91,honest,0.7617130739183504,0.7065571336187202
92,honest,0.92541023238316,0.8143757591885641
93,honest,0.7975471772380606,0.7437174185196578
94,honest,0.7441586875612505,0.5340779252808692
95,honest,0.8489340832711141,0.8036347167139815
96,honest,0.8321386595293417,0.5670233020136107
97,honest,0.9295048272797682,0.6544401870000311
98,honest,0.8969059725566196,0.7539069817968994
99,honest,0.9365576614459236,0.8366021122921028
100,honest,0.8983697863445911,0.8328605038812209
101,honest,0.8733872393749051,0.8316819671184579
102,honest,0.8350478311147934,0.6551534281627251
103,honest,0.9666393881640408,0.8803549376336288
104,honest,0.9589745024800465,0.6734138938904702
105,honest,0.9291903050146524,0.8475010252313815
106,honest,0.9093361877220923,0.7082379127520695
107,honest,0.8559410785319982,0.8068370027274343
108,honest,0.7701334073420758,0.720646893394533
109,honest,0.9363685373137504,0.7747117070014453
110,honest,0.7029203564173185,0.5824278756649794
111,honest,0.7614087910343619,0.46252080717303
112,honest,0.8090077601728068,0.6702655685896766
113,honest,0.8582624319131994,0.7857173914637242
114,honest,0.8514374164972961,0.8473064541782405
115,honest,0.7474702731240268,0.7463444173360059
116,honest,0.7282955139496535,0.6884694666811653
117,honest,0.7600288104480255,0.829514399535632
118,honest,0.7941513730020505,0.6725617013856693
119,honest,0.7037944957384232,0.44106214733139704
120,honest,0.886963071548461,0.6915169248192126
121,honest,0.7668864076491226,0.6284116505177273
122,honest,0.7948791978680578,0.7296215255294989
123,honest,0.7904234564576529,0.5429413674408702
124,honest,0.8381940462372008,0.827663450623064
125,honest,0.9321459249655448,0.9112860843607035
126,honest,0.7403352874464961,0.6596431759804963
127,honest,0.7919963205724428,0.5831356060978581
128,honest,0.8868477780875815,0.9122883951526743
129,honest,0.7119424815857179,0.5854644735516146
130,honest,0.9240942314938004,0.952621939667311
131,honest,0.9596927879343052,0.8576055158808589
132,honest,0.8640620446971375,0.8876141027771884
133,honest,0.9582572601782948,0.9254022531972531
134,honest,0.8115266939465718,0.748889484163579
135,honest,0.812058567276887,0.5469598228375375
136,honest,0.728687205541628,0.7646520462054543
137,honest,0.7095706724499378,0.7356230177386712
138,honest,0.7660161658963242,0.6765128756219292
139,honest,0.8290947374173099,0.7610599993475584
140,honest,0.83707424553298,0.685235710360836
141,honest,0.758745353070187,0.7774361258216179
142,honest,0.8654575321585855,0.7646234245893159
143,honest,0.7489255862063647,0.82104962890036
144,honest,0.788077007872657,0.7507967600386429
145,honest,0.7528415691011183,0.8672324539318881
146,honest,0.8880991719973371,0.7080734892897376
147,honest,0.8394745772200242,0.8947907275733058
148,honest,0.8987472967496062,0.9467686982779342
149,honest,0.7154570057897454,0.5722763034227175
150,honest,0.8148477616634882,0.8613657359209543
151,honest,0.9610788163249836,0.9358822533640909
152,honest,0.7144772689707182,0.7413523817954752
153,honest,0.8129622462179097,0.8838053834486841
154,honest,0.7109075190910175,0.5626628988977059
155,honest,0.739596396662116,0.6931014488951941
156,honest,0.8248821419247239,0.605678006913791
157,honest,0.7425286173746941,0.6107978406883277
158,honest,0.8400639647402376,0.7793838572307661
159,honest,0.9491375543479188,0.9012411744741629
160,lazy,,0.47929074838274743
161,lazy,,0.4792658870441878
162,lazy,,0.479252327030073
163,lazy,,0.47935238442894357
164,lazy,,0.4793107096997763
165,lazy,,0.47933347263449777
166,lazy,,0.47934599302695563
167,lazy,,0.47935580331426564
168,lazy,,0.47927479944239204
169,lazy,,0.47918700627585753
170,lazy,,0.47932350927499917
171,lazy,,0.47931553321685194
172,lazy,,0.4792880106857576
173,lazy,,0.47923895881846623
174,lazy,,0.4793619586355012
175,bot,,0.4096691745454504
176,bot,,0.6210626058674265
177,bot,,0.47768465604843663
178,bot,,0.6036629555738383
179,bot,,0.5491995504255143
180,bot,,0.37453438099816616
181,bot,,0.5532159525948823
182,bot,,0.5082735729749103
183,bot,,0.6283424891582662
184,bot,,0.5710195536992324
185,bot,,0.44003547156967443
186,bot,,0.42911788302044596
187,bot,,0.4174879870032686
188,bot,,0.4042082484193735
189,bot,,0.4956467472030911
190,colluder,,0.4162165147556429
191,colluder,,0.5081210985762465
192,colluder,,0.4947150987558707
193,colluder,,0.45289769045517325
194,colluder,,0.43307712236187723
195,colluder,,0.5049844407221411
196,colluder,,0.4448660457624414
197,colluder,,0.574442135955796
198,colluder,,0.48129819250323636
199,colluder,,0.6319838772310776
