contributor_id,n_tasks,median_seconds,std_seconds,consensus_agreement,label_entropy,est_accuracy,kind,flag_too_fast,flag_one_answer,low_quality,anomaly_score,flag_anomaly,flagged
0,45,29.22,5.8023109119722225,0.8,0.9824740868386409,0.7620462386857517,honest,False,False,False,0.413270924903521,False,False
1,42,28.979999999999997,7.6686885734590575,0.5238095238095238,0.9934472383802027,0.5353397509395077,honest,False,False,True,0.49844834191544063,False,False
2,43,27.33,6.506034331622642,0.7209302325581395,0.996485989886783,0.7246886495079385,honest,False,False,False,0.3799007723923313,False,False
3,47,29.25,6.4062652612575155,0.574468085106383,0.9601186626422924,0.5515505542685337,honest,False,False,True,0.45401040822555155,False,False
4,48,29.174999999999997,6.577617669870522,0.8958333333333334,0.8708644692353644,0.8344412116210677,honest,False,False,False,0.582951852776969,True,True
5,36,27.795,6.524396462995577,0.5555555555555556,0.9182958340544896,0.5633530399821047,honest,False,False,True,0.5025992596246945,False,False
6,65,28.25,7.24329088443495,0.7538461538461538,0.9916178297881031,0.7555326619373284,honest,False,False,False,0.3893888583155173,False,False
7,55,25.57,7.526675738781877,0.6909090909090909,0.9882836109919162,0.6771230559399118,honest,False,False,False,0.4692802492913915,False,False
8,44,28.36,6.787348396525255,0.9318181818181818,0.9760206482366149,0.9185611948011994,honest,False,False,False,0.42963283850175404,False,False
9,42,30.86,7.056678256370859,0.7619047619047619,0.9587118829771318,0.676665366071564,honest,False,False,False,0.44904005235706146,False,False
10,49,30.93,5.149993667851599,0.7346938775510204,0.9852281360342515,0.698523624989007,honest,False,False,False,0.48746414999748683,False,False
11,51,27.7,6.410764953897283,0.7254901960784313,0.9930554830121974,0.7037339634482793,honest,False,False,False,0.3799332876621588,False,False
12,45,26.98,5.780003206807679,0.7777777777777778,0.9910760598382222,0.7331361107702807,honest,False,False,False,0.40687108020314205,False,False
13,42,27.314999999999998,6.6358179925110115,0.9285714285714286,0.9587118829771318,0.9030881338237072,honest,False,False,False,0.4358785987960195,False,False
14,47,28.91,6.616245368425218,0.7446808510638298,0.9733854352299556,0.7281622162922798,honest,False,False,False,0.39030587061502875,False,False
15,54,29.32,5.894615900189063,0.6111111111111112,0.9960383613659183,0.599239202028986,honest,False,False,True,0.439479195029779,False,False
16,64,26.814999999999998,6.205527248153808,0.671875,0.9971803988942642,0.6631295527452263,honest,False,False,False,0.40680220940519984,False,False
17,53,28.61,7.60392367778193,0.6415094339622641,0.9976875760352552,0.6214404223430325,honest,False,False,False,0.43548183168611143,False,False
18,47,30.82,7.53348363445991,0.9574468085106383,0.9996734260048917,0.9096666862126526,honest,False,False,False,0.48112905313415155,False,False
19,46,28.845,6.270781735547749,0.782608695652174,0.978070970973496,0.7366464560985586,honest,False,False,False,0.39047933460458706,False,False
20,54,30.16,6.431377802636972,0.7222222222222222,0.9960383613659183,0.6567731813452244,honest,False,False,False,0.4042131904135607,False,False
21,58,29.47,7.120156491496508,0.6724137931034483,0.9991421039919088,0.6716228380353904,honest,False,False,False,0.4049177457390189,False,False
22,45,27.17,6.207993364700193,0.6444444444444445,0.9967916319816366,0.582404937472583,honest,False,False,True,0.41431409484710857,False,False
23,44,29.025,6.422178076584088,0.6590909090909091,0.9940302114769565,0.6533058352062022,honest,False,False,False,0.40504993730463684,False,False
24,55,29.71,6.6556926496394535,0.7272727272727273,0.9593160320543777,0.7222674909694806,honest,False,False,False,0.4130702605619401,False,False
25,57,29.38,7.824892842396468,0.5964912280701754,0.9890934397021431,0.6076865321068168,honest,False,False,False,0.4723144510923929,False,False
26,46,28.995,6.641426106239359,0.7608695652173914,0.9876925088958034,0.7476875240665033,honest,False,False,False,0.38352374006651807,False,False
27,52,25.455,6.742269457378386,0.7307692307692307,0.9989326546260581,0.6909314275429359,honest,False,False,False,0.4342286329705535,False,False
28,43,30.49,6.398911789751696,0.9534883720930233,0.9902246902198684,0.8814338337729,honest,False,False,False,0.45303747510557235,False,False
29,62,29.53,6.526981764733646,0.7258064516129032,0.987956501491916,0.7157689167075217,honest,False,False,False,0.38835335012185634,False,False
30,52,26.560000000000002,5.098953963645738,0.9230769230769231,0.9731560354421095,0.8969396260120273,honest,False,False,False,0.5304234573740312,False,False
31,44,28.765,5.405353915459579,0.8181818181818182,0.9985090989176322,0.7733931251019655,honest,False,False,False,0.42885366966041805,False,False
32,60,28.53,5.9011280066960445,0.6333333333333333,0.9603622703154779,0.5687467598623868,honest,False,False,True,0.46316122010310334,False,False
33,41,27.15,7.9143164658706455,0.975609756097561,0.9474351361840307,0.926676793750734,honest,False,False,False,0.5503455085341042,False,False
34,49,25.22,7.288314090303159,0.4489795918367347,0.9852281360342515,0.4683705210698565,honest,False,False,True,0.5545917238302642,False,False
35,47,26.29,6.98781371517865,0.9148936170212766,0.9970590569034106,0.879222132559722,honest,False,False,False,0.4263149148019552,False,False
36,57,27.12,6.766082016361488,0.8070175438596491,0.9997779672118906,0.7777383495710393,honest,False,False,False,0.39428041862369856,False,False
37,44,29.525,7.472369381626934,0.75,0.9940302114769565,0.7477424550769876,honest,False,False,False,0.4011512881643757,False,False
38,49,27.0,8.037002447015514,0.7755102040816326,0.9486131982385806,0.7165367132252495,honest,False,False,False,0.5108141357435335,False,False
39,42,27.645,6.750988093894288,1.0,0.9934472383802027,0.9987683459421214,honest,False,False,False,0.5426912611801512,False,False
40,43,27.4,5.773903974750062,0.9767441860465116,0.996485989886783,0.961202473762484,honest,False,False,False,0.49320659610201567,False,False
41,43,27.11,6.611861685649974,0.9069767441860465,0.999609836367807,0.8586837992374207,honest,False,False,False,0.40426499791970855,False,False
42,60,26.665,6.151365460928029,0.9166666666666666,0.9603622703154779,0.8774689797705417,honest,False,False,False,0.4579575440284357,False,False
43,50,26.745,6.9282527290472755,0.64,0.9988455359952018,0.6649168038342691,honest,False,False,False,0.4155173830531156,False,False
44,51,26.92,6.8734949639617735,0.8431372549019608,0.9975025463691152,0.789941922421505,honest,False,False,False,0.3955615654427984,False,False
45,56,27.46,8.391437836332875,0.8571428571428571,0.9990797181805819,0.815139751175838,honest,False,False,False,0.4794967587276729,False,False
46,69,29.2,6.378784021465053,0.8985507246376812,0.9998484829291058,0.8760045241986427,honest,False,False,False,0.4137737594417315,False,False
47,49,27.48,7.60960056989415,0.8775510204081632,0.9972943816462347,0.8688241054924328,honest,False,False,False,0.428611628819658,False,False
48,40,27.810000000000002,6.665717573467298,0.8,0.9837082626231859,0.7610257348851667,honest,False,False,False,0.3943474909863511,False,False
49,52,28.505000000000003,6.313135890048161,0.8461538461538461,0.9957274520849255,0.8467738717626583,honest,False,False,False,0.39601688023846293,False,False
50,43,27.58,7.3554038865612785,0.8372093023255814,0.9902246902198684,0.7863028293362316,honest,False,False,False,0.40442969324156897,False,False
51,45,29.44,7.053765002257356,0.7333333333333333,0.9910760598382222,0.7128823329892282,honest,False,False,False,0.38533530853239717,False,False
52,48,28.585,6.948776000054697,0.6458333333333334,0.9798687566511528,0.6266737310792128,honest,False,False,False,0.4141345801194307,False,False
53,55,26.61,7.089840424089758,0.9818181818181818,0.9978527766088781,0.9677320988490066,honest,False,False,False,0.49627509573329054,False,False
54,44,30.22,6.353562246810957,0.9090909090909091,0.9985090989176322,0.869367543171561,honest,False,False,False,0.4206735132055831,False,False
55,45,26.47,6.093786560625885,0.4888888888888889,0.9824740868386409,0.4835051057463246,honest,False,False,True,0.5124450603921229,False,False
56,44,26.505,6.230365806811087,0.8181818181818182,0.9985090989176322,0.7875888636038852,honest,False,False,False,0.4029033516115078,False,False
57,44,27.54,6.478639483412036,0.8409090909090909,0.9985090989176322,0.8015518068541412,honest,False,False,False,0.37907689686189705,False,False
58,48,28.73,6.156935110562214,0.5,0.9798687566511528,0.5117503569926625,honest,False,False,True,0.4797634651444675,False,False
59,51,29.25,6.7393434660166385,0.5098039215686274,0.9930554830121974,0.5043470663307648,honest,False,False,True,0.47563432241810566,False,False
60,42,27.46,5.7185104062133,0.8571428571428571,0.998363672593813,0.8260699180175639,honest,False,False,False,0.4176345053905538,False,False
61,51,29.93,6.527576837736114,0.7058823529411765,0.9930554830121974,0.7367187769248307,honest,False,False,False,0.39883597026918083,False,False
62,36,26.525,7.089316822929628,0.7777777777777778,0.997772472089982,0.746817979885295,honest,False,False,False,0.39609389241408793,False,False
63,51,27.05,5.906362338904662,0.9803921568627451,0.9526092095121206,0.9738383460198272,honest,False,False,False,0.5523620866138843,False,False
64,53,29.33,5.960156976970541,0.7735849056603774,0.9687003436508602,0.7290101999120351,honest,False,False,False,0.42143845558209464,False,False
65,44,28.685,7.1144951787915796,0.8181818181818182,0.9760206482366149,0.7546741207939113,honest,False,False,False,0.40357382656347474,False,False
66,51,27.07,7.222939176882302,0.7647058823529411,0.9774178175281716,0.7318911758391368,honest,False,False,False,0.4077418817658163,False,False
67,58,28.740000000000002,7.525130394024142,0.6551724137931034,0.9991421039919088,0.6290195623333763,honest,False,False,False,0.4307158802676097,False,False
68,46,29.799999999999997,7.525101225505627,0.6956521739130435,0.9986359641585718,0.695154901557141,honest,False,False,False,0.4167969305383005,False,False
69,65,27.27,6.78274550152529,0.7230769230769231,0.9984628557283827,0.7115439615806095,honest,False,False,False,0.3819790076368458,False,False
70,56,29.67,6.212360194669307,0.5892857142857143,1.0,0.5824987132490975,honest,False,False,True,0.436502241552572,False,False
71,46,26.515,6.884877347270359,0.8043478260869565,0.9876925088958034,0.7718549227271989,honest,False,False,False,0.41158792804978733,False,False
72,52,27.83,6.2445211943919015,0.8653846153846154,0.9957274520849255,0.8311942344148722,honest,False,False,False,0.39713539086723804,False,False
73,49,28.44,6.209320615010952,0.8367346938775511,0.9852281360342515,0.8262802895650749,honest,False,False,False,0.3964471781065016,False,False
74,47,28.74,6.14368425655309,0.7872340425531915,0.9996734260048917,0.7451507446316887,honest,False,False,False,0.3826808509044888,False,False
75,43,27.76,7.955495346083133,0.8604651162790697,0.9807983646944296,0.8286214665521848,honest,False,False,False,0.453112597777171,False,False
76,46,29.225,7.627132333508461,0.717391304347826,1.0,0.715130764389607,honest,False,False,False,0.41692897899076914,False,False
77,51,27.35,6.5904333220622915,0.8823529411764706,0.9997226475394072,0.823122450039132,honest,False,False,False,0.3971761191331101,False,False
78,45,29.21,7.349112466169235,0.6,0.9910760598382222,0.5835021774355962,honest,False,False,True,0.43820431726908304,False,False
79,45,27.22,7.306504560245541,0.5555555555555556,0.9967916319816366,0.5748824567927815,honest,False,False,True,0.43855610945233414,False,False
80,56,29.905,7.250612979012778,0.75,0.9917033083725818,0.726097666552739,honest,False,False,False,0.39651588297936363,False,False
81,44,30.555,7.101722757226405,0.6818181818181818,0.9760206482366149,0.6677768631360643,honest,False,False,False,0.42460949187697616,False,False
82,48,26.645,6.01848776981901,0.5416666666666666,0.9987472979361685,0.5293493788557351,honest,False,False,True,0.46367766125432763,False,False
83,49,27.27,6.862931689704555,0.8775510204081632,0.9996995428565171,0.8563955786254176,honest,False,False,False,0.398504140954653,False,False
84,51,28.18,6.137510576645175,0.6470588235294118,0.9930554830121974,0.6499441819338682,honest,False,False,False,0.4003919569080414,False,False
85,42,26.755,7.663026197229087,0.6190476190476191,1.0,0.6109291308214935,honest,False,False,False,0.46185244033330475,False,False
86,57,30.99,6.6250280228281415,0.9298245614035088,0.9819407868640977,0.9199301202311274,honest,False,False,False,0.46009202943980126,False,False
87,57,28.49,6.987441733563856,0.5964912280701754,0.9997779672118906,0.5990659356970582,honest,False,False,True,0.41440230545951423,False,False
88,47,27.64,9.34195759425598,0.9574468085106383,0.9970590569034106,0.9549004209441636,honest,False,False,False,0.6107675079016182,True,True
89,47,27.32,6.72867629209849,0.9361702127659575,0.9996734260048917,0.9194470106321392,honest,False,False,False,0.42161362711141126,False,False
90,59,28.06,7.436484313705209,0.7796610169491526,0.9997927658541268,0.732588815183032,honest,False,False,False,0.39621386930337055,False,False
91,42,25.71,7.505202906893011,0.7142857142857143,0.998363672593813,0.7065571336187202,honest,False,False,False,0.4454144992289077,False,False
92,54,28.08,6.301862083802726,0.8518518518518519,0.9990102708804813,0.8143757591885641,honest,False,False,False,0.38954225825636835,False,False
93,64,29.165,6.289604437731751,0.796875,0.9992954443621549,0.7437174185196578,honest,False,False,False,0.3839331215699894,False,False
94,49,27.73,5.607879963682784,0.5306122448979592,0.9972943816462347,0.5340779252808692,honest,False,False,True,0.4893663060085276,False,False
95,50,27.715,6.509095391552233,0.86,0.9580420222262995,0.8036347167139815,honest,False,False,False,0.42675213104839055,False,False
96,44,26.965,6.026355663191575,0.5909090909090909,0.9624127354629923,0.5670233020136107,honest,False,False,True,0.46957524059297157,False,False
97,50,28.25,6.4447607229058725,0.62,0.9988455359952018,0.6544401870000311,honest,False,False,False,0.4010985923998536,False,False
98,52,29.259999999999998,5.934727919215263,0.8076923076923077,1.0,0.7539069817968994,honest,False,False,False,0.39714189798598615,False,False
99,52,30.509999999999998,7.74614246428008,0.8846153846153846,0.990374836448575,0.8366021122921028,honest,False,False,False,0.463164332204488,False,False
100,53,29.91,6.17448017003064,0.8301886792452831,0.9244571409964927,0.8328605038812209,honest,False,False,False,0.5139561516021988,False,False
101,35,27.51,6.031732306879072,0.8285714285714286,0.9946937953613058,0.8316819671184579,honest,False,False,False,0.4041393579170102,False,False
102,44,28.46,7.282174313887546,0.6590909090909091,0.9624127354629923,0.6551534281627251,honest,False,False,False,0.4297592597386654,False,False
103,44,29.045,6.792797341214889,0.9090909090909091,0.9985090989176322,0.8803549376336288,honest,False,False,False,0.4077769527181992,False,False
104,68,28.845,7.167305236607208,0.6911764705882353,0.9899927915575186,0.6734138938904702,honest,False,False,False,0.3959424397359962,False,False
105,38,24.744999999999997,6.310475863100712,0.9210526315789473,0.9980008838722996,0.8475010252313815,honest,False,False,False,0.4754255386880846,False,False
106,40,32.34,7.548527751684345,0.75,0.9097361225311662,0.7082379127520695,honest,False,False,False,0.5938436717362541,True,True
107,49,26.37,6.759371995896627,0.8571428571428571,0.9972943816462347,0.8068370027274343,honest,False,False,False,0.41280449439453165,False,False
108,53,29.22,6.494586720980982,0.7169811320754716,0.9976875760352552,0.720646893394533,honest,False,False,False,0.37952244633179355,False,False
109,57,30.85,7.402901424356998,0.7894736842105263,0.9819407868640977,0.7747117070014453,honest,False,False,False,0.44734506756300335,False,False
110,46,27.25,6.222550888921471,0.6739130434782609,0.8589810370425963,0.5824278756649794,honest,False,False,True,0.5587021733023922,False,False
111,46,29.979999999999997,7.259496891711778,0.43478260869565216,0.9656361333706098,0.46252080717303,honest,False,False,True,0.5676950756669469,True,True
112,46,27.94,6.070339424170422,0.717391304347826,0.9876925088958034,0.6702655685896766,honest,False,False,False,0.40632456401986605,False,False
113,47,28.24,6.462349091598474,0.8085106382978723,0.9970590569034106,0.7857173914637242,honest,False,False,False,0.3822137145910989,False,False
114,47,28.5,7.27052550821379,0.8723404255319149,0.9918207974218424,0.8473064541782405,honest,False,False,False,0.40683859323653304,False,False
115,39,29.58,5.6832072401429246,0.7435897435897436,0.9957274520849255,0.7463444173360059,honest,False,False,False,0.40754970472192337,False,False
116,43,32.05,6.536482742616116,0.7209302325581395,0.9330252953592911,0.6884694666811653,honest,False,False,False,0.5053617352956395,False,False
117,58,29.025,7.144460812155858,0.8448275862068966,0.9965663713274553,0.829514399535632,honest,False,False,False,0.39854775032364187,False,False
118,52,28.265,5.768559381497101,0.7115384615384616,1.0,0.6725617013856693,honest,False,False,False,0.4163516175460268,False,False
119,49,29.84,7.424006335397835,0.40816326530612246,0.9852281360342515,0.441062147331397,honest,False,False,True,0.5816811742346851,True,True
120,61,29.98,5.319216734319693,0.6885245901639344,0.999806132804711,0.6915169248192126,honest,False,False,False,0.44963224920531075,False,False
121,54,28.715,6.355070093867845,0.6666666666666666,0.9357110512652843,0.6284116505177273,honest,False,False,False,0.4591960099895753,False,False
122,45,31.53,6.497348114827504,0.7555555555555555,0.9996437496778561,0.7296215255294989,honest,False,False,False,0.44012173981918257,False,False
123,57,28.09,6.197566570112616,0.5614035087719298,0.9997779672118906,0.5429413674408702,honest,False,False,True,0.43136606467417676,False,False
124,41,29.73,7.774351490482083,0.8780487804878049,0.9961344835095796,0.827663450623064,honest,False,False,False,0.44143318400939885,False,False
125,55,28.9,6.859840050750858,0.9454545454545454,0.9593160320543777,0.9112860843607036,honest,False,False,False,0.4508172306164231,False,False
126,56,28.295,7.338683077922212,0.6428571428571429,0.9241335419915457,0.6596431759804963,honest,False,False,False,0.5022472960100031,False,False
127,56,27.86,6.257504665827837,0.5714285714285714,0.996316519558962,0.5831356060978581,honest,False,False,True,0.41120093499689736,False,False
128,41,25.51,6.168927220253169,0.926829268292683,0.9788698505067783,0.9122883951526743,honest,False,False,False,0.4739594422812701,False,False
129,45,27.89,7.1915730848225,0.6,0.9967916319816366,0.5854644735516146,honest,False,False,True,0.41909858661281135,False,False
130,58,28.105,6.802072688634253,0.9655172413793104,0.9922666387194963,0.952621939667311,honest,False,False,False,0.45712701987207083,False,False
131,60,27.505,6.6935228747331745,0.9166666666666666,0.9709505944546686,0.8576055158808589,honest,False,False,False,0.4232258753790712,False,False
132,57,28.29,7.456497650070963,0.9122807017543859,0.9729661265889025,0.8876141027771884,honest,False,False,False,0.4466974446441803,False,False
133,60,30.255000000000003,5.761198439355055,0.9333333333333333,0.9967916319816366,0.9254022531972532,honest,False,False,False,0.4696291531446789,False,False
134,48,25.645,6.101036404805822,0.7916666666666666,0.9949848281859701,0.748889484163579,honest,False,False,False,0.43437532724507905,False,False
135,50,26.75,6.232521277090656,0.54,0.9953784388202257,0.5469598228375375,honest,False,False,True,0.4423943073455479,False,False
136,55,29.1,7.071412419219629,0.7818181818181819,0.9940302114769565,0.7646520462054543,honest,False,False,False,0.3850788492155846,False,False
137,56,30.43,5.673630228304667,0.7678571428571429,0.996316519558962,0.7356230177386712,honest,False,False,False,0.4156638255480884,False,False
138,59,30.22,6.626795856195971,0.6779661016949152,0.9831491282282877,0.6765128756219292,honest,False,False,False,0.40463839239619154,False,False
139,46,27.075,6.579353730211378,0.8260869565217391,0.9876925088958034,0.7610599993475584,honest,False,False,False,0.3978498999451704,False,False
140,52,28.534999999999997,6.649017717969799,0.7115384615384616,1.0,0.685235710360836,honest,False,False,False,0.3870443356727081,False,False
141,49,28.22,7.697554685044575,0.8163265306122449,0.9996995428565171,0.7774361258216179,honest,False,False,False,0.41514326644111166,False,False
142,59,30.12,5.934991025160169,0.8135593220338984,0.9831491282282877,0.7646234245893159,honest,False,False,False,0.4152814810434556,False,False
143,44,29.285,8.181343272862614,0.8181818181818182,1.0,0.82104962890036,honest,False,False,False,0.4689226767132935,False,False
144,45,29.85,7.540201495043656,0.7555555555555555,0.9824740868386409,0.7507967600386429,honest,False,False,False,0.4138790445333344,False,False
145,41,29.07,5.723503777215918,0.8292682926829268,0.9961344835095796,0.8672324539318881,honest,False,False,False,0.4292136690667498,False,False
146,48,29.945,7.741664277152673,0.75,0.9949848281859701,0.7080734892897376,honest,False,False,False,0.42103107320360583,False,False
147,51,27.0,6.3564663015811895,0.9411764705882353,0.9930554830121974,0.8947907275733058,honest,False,False,False,0.41937662657606883,False,False
148,52,26.810000000000002,6.950773048036399,0.9615384615384616,0.9989326546260581,0.9467686982779342,honest,False,False,False,0.4638621574913647,False,False
149,55,28.57,6.6162986336340355,0.5636363636363636,0.9940302114769565,0.5722763034227175,honest,False,False,True,0.4161062029881762,False,False
150,52,28.66,6.9056830897928965,0.8846153846153846,0.9731560354421095,0.8613657359209543,honest,False,False,False,0.4166385304057141,False,False
151,48,30.16,7.501143447114206,0.9583333333333334,0.9987472979361685,0.9358822533640908,honest,False,False,False,0.47259204411057654,False,False
152,49,27.85,7.192260408168741,0.7755102040816326,0.992476003943082,0.7413523817954752,honest,False,False,False,0.3802615445765519,False,False
153,50,27.645,7.325073019069084,0.84,0.9953784388202257,0.8838053834486841,honest,False,False,False,0.4141707092984837,False,False
154,44,28.92,6.686342933037597,0.5681818181818182,0.9865446300055644,0.5626628988977059,honest,False,False,True,0.4281303354440862,False,False
155,50,30.515,5.807288260347985,0.74,0.9895875212220556,0.6931014488951941,honest,False,False,False,0.4225889663188263,False,False
156,50,27.345,7.061365968914144,0.62,0.9953784388202257,0.605678006913791,honest,False,False,False,0.41587231058302665,False,False
157,55,28.73,7.129674545487973,0.6545454545454545,0.9882836109919162,0.6107978406883277,honest,False,False,False,0.4112955840113813,False,False
158,50,28.55,7.071156245838528,0.8,0.9988455359952018,0.7793838572307661,honest,False,False,False,0.3848023930562699,False,False
159,55,29.41,6.531267803771266,0.9090909090909091,0.9805974409917271,0.9012411744741629,honest,False,False,False,0.42315215392209554,False,False
160,64,5.92,1.7855387939561052,0.4375,-0.0,0.4792907483827474,lazy,True,True,True,0.5285523904785816,False,True
161,50,6.0649999999999995,1.9167544422373812,0.38,-0.0,0.4792658870441878,lazy,True,True,True,0.5741993773429274,True,True
162,48,5.995,1.8755378306649324,0.4166666666666667,-0.0,0.479252327030073,lazy,True,True,True,0.5368655069205912,False,True
163,47,5.88,2.0259596006393505,0.5531914893617021,-0.0,0.4793523844289435,lazy,True,True,True,0.5495644972369231,False,True
164,55,6.05,1.8123980616869833,0.509090909090909,-0.0,0.4793107096997763,lazy,True,True,True,0.5286233115785612,False,True
165,55,5.74,1.8612879397376414,0.5454545454545454,-0.0,0.4793334726344977,lazy,True,True,True,0.5420975855440955,False,True
166,46,5.615,1.6286395881878102,0.5217391304347826,-0.0,0.4793459930269556,lazy,True,True,True,0.5749493364363414,True,True
167,47,5.94,1.912380279880316,0.5531914893617021,-0.0,0.4793558033142656,lazy,True,True,True,0.5379883607235841,False,True
168,44,5.455,1.766945621334353,0.4318181818181818,-0.0,0.479274799442392,lazy,True,True,True,0.559965717200712,False,True
169,40,6.095000000000001,1.7777787927347528,0.375,-0.0,0.4791870062758575,lazy,True,True,True,0.6026922487572927,True,True
170,55,6.6,1.9276100762500195,0.4909090909090909,-0.0,0.4793235092749991,lazy,True,True,True,0.5632748209763772,True,True
171,48,6.295,1.862730732054916,0.5416666666666666,-0.0,0.4793155332168519,lazy,True,True,True,0.5450121461070297,False,True
172,62,5.965,2.110202533631673,0.4838709677419355,-0.0,0.4792880106857576,lazy,True,True,True,0.5425197400687223,False,True
173,53,5.9,2.0823576079883996,0.41509433962264153,-0.0,0.4792389588184662,lazy,True,True,True,0.5611470898160531,True,True
174,43,5.9,1.736322471593313,0.5348837209302325,-0.0,0.4793619586355012,lazy,True,True,True,0.547962372797516,False,True
175,54,1.58,0.5211539432496315,0.37037037037037035,0.9357110512652843,0.4096691745454504,bot,True,False,True,0.6005001576098952,True,True
176,50,1.4649999999999999,0.5010583085544323,0.64,0.9988455359952018,0.6210626058674265,bot,True,False,False,0.5626857747277375,True,True
177,56,1.605,0.5571135023901812,0.4642857142857143,0.996316519558962,0.4776846560484366,bot,True,False,True,0.5463920706538058,False,True
178,54,1.5950000000000002,0.47095977504823816,0.6481481481481481,0.9960383613659183,0.6036629555738383,bot,True,False,False,0.5575208437758562,False,True
179,51,1.47,0.5170247462504036,0.5490196078431373,0.9975025463691152,0.5491995504255143,bot,True,False,True,0.5115964259563558,False,True
180,43,1.55,0.43444392991409453,0.3488372093023256,0.9330252953592911,0.3745343809981661,bot,True,False,True,0.6680681289234137,True,True
181,44,1.43,0.5032774191999209,0.5681818181818182,0.9940302114769565,0.5532159525948823,bot,True,False,True,0.5258403765080475,False,True
182,43,1.53,0.5267010095759947,0.5581395348837209,0.9522656254366642,0.5082735729749103,bot,True,False,True,0.5469870125784871,False,True
183,45,1.65,0.35519193843795654,0.6666666666666666,0.9967916319816366,0.6283424891582662,bot,True,False,False,0.6056121010977757,True,True
184,52,1.55,0.5386585693170048,0.5961538461538461,0.9470622432515328,0.5710195536992324,bot,True,False,True,0.5688064903432272,True,True
185,57,1.47,0.49531172939188806,0.43859649122807015,0.9621461334087001,0.4400354715696744,bot,True,False,True,0.5561592782151219,False,True
186,61,1.43,0.4875136540052289,0.4426229508196721,0.9904799742690308,0.4291178830204459,bot,True,False,True,0.5466078714278227,False,True
187,43,1.7,0.4965446497016022,0.3953488372093023,0.999609836367807,0.4174879870032686,bot,True,False,True,0.5806336457030602,True,True
188,54,1.53,0.46466717498445737,0.37037037037037035,0.9841095278800531,0.4042082484193735,bot,True,False,True,0.5842180763468553,True,True
189,47,1.53,0.44295189691288533,0.5319148936170213,0.9918207974218424,0.4956467472030911,bot,True,False,True,0.5389539839324088,False,True
190,52,12.795,2.7832818272706557,0.4423076923076923,0.9828586897127056,0.4162165147556429,colluder,True,False,True,0.5735183926481238,True,True
191,54,11.445,3.7138648189965897,0.5,0.9910760598382222,0.5081210985762465,colluder,True,False,True,0.5455531890961248,False,True
192,44,11.75,3.3233187502639936,0.5,0.9940302114769565,0.4947150987558707,colluder,True,False,True,0.5161539356523257,False,True
193,61,11.2,3.480196111238215,0.45901639344262296,0.9559312637896478,0.4528976904551732,colluder,True,False,True,0.5667186901121013,True,True
194,55,11.41,2.736975806553022,0.43636363636363634,0.9882836109919162,0.4330771223618772,colluder,True,False,True,0.5300718152228763,False,True
195,52,11.5,3.0013100709156637,0.4807692307692308,0.9957274520849255,0.5049844407221411,colluder,True,False,True,0.5114306183127476,False,True
196,46,12.03,2.635893829461505,0.4782608695652174,0.994538681650011,0.4448660457624414,colluder,True,False,True,0.5191289530248349,False,True
197,65,12.03,2.929916233378589,0.5538461538461539,0.9998292601233936,0.574442135955796,colluder,True,False,True,0.5515114945753946,False,True
198,53,11.8,2.8760520256058113,0.49056603773584906,0.9976875760352552,0.4812981925032363,colluder,True,False,True,0.5129480277770514,False,True
199,57,11.26,3.245806094872856,0.6842105263157895,0.9819407868640977,0.6319838772310776,colluder,True,False,False,0.603853103299715,True,True
